{"cameraMode":{"drawMode":0,"name":"Shaded","section":"Shading Mode"},"sceneLighting":true,"audioPlay":false,"sceneViewState":{"m_AlwaysRefresh":false,"showFog":true,"showSkybox":true,"showFlares":true,"showImageEffects":true,"showParticleSystems":true,"showVisualEffectGraphs":true,"m_FxEnabled":true},"in2DMode":false,"pivot":{"x":1278.3482666015625,"y":556.9464111328125,"z":6.10821533203125},"rotation":{"x":-0.00030972689273767173,"y":0.009596699848771096,"z":-0.000002853802016034024,"w":-0.9999584555625916},"size":619.90185546875,"orthographic":false}